Version,DLOC,DD
collections-4.3-RC1,1771,0.09959994
commons-collections-4.2,10013,0.357769846
collections-4.1 ,127911,2.48132632
